2024-1-1,十一月二十,
2024-1-2,十一月廿一,
2024-1-3,十一月廿二,
2024-1-4,十一月廿三,
2024-1-5,十一月廿四,
2024-1-6,十一月廿五,小寒
2024-1-7,十一月廿六,
2024-1-8,十一月廿七,
2024-1-9,十一月廿八,
2024-1-10,十一月廿九,
2024-1-11,腊月初一,
2024-1-12,腊月初二,
2024-1-13,腊月初三,
2024-1-14,腊月初四,
2024-1-15,腊月初五,
2024-1-16,腊月初六,
2024-1-17,腊月初七,
2024-1-18,腊月初八,腊八节
2024-1-19,腊月初九,
2024-1-20,腊月初十,大寒
2024-1-21,腊月十一,
2024-1-22,腊月十二,
2024-1-23,腊月十三,
2024-1-24,腊月十四,
2024-1-25,腊月十五,
2024-1-26,腊月十六,
2024-1-27,腊月十七,
2024-1-28,腊月十八,
2024-1-29,腊月十九,
2024-1-30,腊月二十,
2024-1-31,腊月廿一,
2024-2-1,腊月廿二,
2024-2-2,腊月廿三,
2024-2-3,腊月廿四,
2024-2-4,腊月廿五,立春
2024-2-5,腊月廿六,
2024-2-6,腊月廿七,
2024-2-7,腊月廿八,
2024-2-8,腊月廿九,
2024-2-9,腊月三十,除夕
2024-2-10,正月初一,春节
2024-2-11,正月初二,
2024-2-12,正月初三,
2024-2-13,正月初四,
2024-2-14,正月初五,
2024-2-15,正月初六,
2024-2-16,正月初七,
2024-2-17,正月初八,
2024-2-18,正月初九,
2024-2-19,正月初十,雨水
2024-2-20,正月十一,
2024-2-21,正月十二,
2024-2-22,正月十三,
2024-2-23,正月十四,
2024-2-24,正月十五,元宵节
2024-2-25,正月十六,
2024-2-26,正月十七,
2024-2-27,正月十八,
2024-2-28,正月十九,
2024-2-29,正月二十,
2024-3-1,正月廿一,
2024-3-2,正月廿二,
2024-3-3,正月廿三,
2024-3-4,正月廿四,
2024-3-5,正月廿五,惊蛰
2024-3-6,正月廿六,
2024-3-7,正月廿七,
2024-3-8,正月廿八,
2024-3-9,正月廿九,
2024-3-10,二月初一,
2024-3-11,二月初二,龙抬头
2024-3-12,二月初三,
2024-3-13,二月初四,
2024-3-14,二月初五,
2024-3-15,二月初六,
2024-3-16,二月初七,
2024-3-17,二月初八,
2024-3-18,二月初九,
2024-3-19,二月初十,
2024-3-20,二月十一,春分
2024-3-21,二月十二,
2024-3-22,二月十三,
2024-3-23,二月十四,
2024-3-24,二月十五,
2024-3-25,二月十六,
2024-3-26,二月十七,
2024-3-27,二月十八,
2024-3-28,二月十九,
2024-3-29,二月二十,
2024-3-30,二月廿一,
2024-3-31,二月廿二,
2024-4-1,二月廿三,
2024-4-2,二月廿四,
2024-4-3,二月廿五,
2024-4-4,二月廿六,清明
2024-4-5,二月廿七,
2024-4-6,二月廿八,
2024-4-7,二月廿九,
2024-4-8,二月三十,
2024-4-9,三月初一,
2024-4-10,三月初二,
2024-4-11,三月初三,
2024-4-12,三月初四,
2024-4-13,三月初五,
2024-4-14,三月初六,
2024-4-15,三月初七,
2024-4-16,三月初八,
2024-4-17,三月初九,
2024-4-18,三月初十,
2024-4-19,三月十一,谷雨
2024-4-20,三月十二,
2024-4-21,三月十三,
2024-4-22,三月十四,
2024-4-23,三月十五,
2024-4-24,三月十六,
2024-4-25,三月十七,
2024-4-26,三月十八,
2024-4-27,三月十九,
2024-4-28,三月二十,
2024-4-29,三月廿一,
2024-4-30,三月廿二,
2024-5-1,三月廿三,
2024-5-2,三月廿四,
2024-5-3,三月廿五,
2024-5-4,三月廿六,
2024-5-5,三月廿七,立夏
2024-5-6,三月廿八,
2024-5-7,三月廿九,
2024-5-8,四月初一,
2024-5-9,四月初二,
2024-5-10,四月初三,
2024-5-11,四月初四,
2024-5-12,四月初五,
2024-5-13,四月初六,
2024-5-14,四月初七,
2024-5-15,四月初八,
2024-5-16,四月初九,
2024-5-17,四月初十,
2024-5-18,四月十一,
2024-5-19,四月十二,
2024-5-20,四月十三,小满
2024-5-21,四月十四,
2024-5-22,四月十五,
2024-5-23,四月十六,
2024-5-24,四月十七,
2024-5-25,四月十八,
2024-5-26,四月十九,
2024-5-27,四月二十,
2024-5-28,四月廿一,
2024-5-29,四月廿二,
2024-5-30,四月廿三,
2024-5-31,四月廿四,
2024-6-1,四月廿五,
2024-6-2,四月廿六,
2024-6-3,四月廿七,
2024-6-4,四月廿八,
2024-6-5,四月廿九,芒种
2024-6-6,五月初一,
2024-6-7,五月初二,
2024-6-8,五月初三,
2024-6-9,五月初四,
2024-6-10,五月初五,端午节
2024-6-11,五月初六,
2024-6-12,五月初七,
2024-6-13,五月初八,
2024-6-14,五月初九,
2024-6-15,五月初十,
2024-6-16,五月十一,
2024-6-17,五月十二,
2024-6-18,五月十三,
2024-6-19,五月十四,
2024-6-20,五月十五,
2024-6-21,五月十六,夏至
2024-6-22,五月十七,
2024-6-23,五月十八,
2024-6-24,五月十九,
2024-6-25,五月二十,
2024-6-26,五月廿一,
2024-6-27,五月廿二,
2024-6-28,五月廿三,
2024-6-29,五月廿四,
2024-6-30,五月廿五,
2024-7-1,五月廿六,
2024-7-2,五月廿七,
2024-7-3,五月廿八,
2024-7-4,五月廿九,
2024-7-5,五月三十,
2024-7-6,六月初一,小暑
2024-7-7,六月初二,
2024-7-8,六月初三,
2024-7-9,六月初四,
2024-7-10,六月初五,
2024-7-11,六月初六,
2024-7-12,六月初七,
2024-7-13,六月初八,
2024-7-14,六月初九,
2024-7-15,六月初十,
2024-7-16,六月十一,
2024-7-17,六月十二,
2024-7-18,六月十三,
2024-7-19,六月十四,
2024-7-20,六月十五,
2024-7-21,六月十六,
2024-7-22,六月十七,大暑
2024-7-23,六月十八,
2024-7-24,六月十九,
2024-7-25,六月二十,
2024-7-26,六月廿一,
2024-7-27,六月廿二,
2024-7-28,六月廿三,
2024-7-29,六月廿四,
2024-7-30,六月廿五,
2024-7-31,六月廿六,
2024-8-1,六月廿七,
2024-8-2,六月廿八,
2024-8-3,六月廿九,
2024-8-4,七月初一,
2024-8-5,七月初二,
2024-8-6,七月初三,
2024-8-7,七月初四,立秋
2024-8-8,七月初五,
2024-8-9,七月初六,
2024-8-10,七月初七,七夕
2024-8-11,七月初八,
2024-8-12,七月初九,
2024-8-13,七月初十,
2024-8-14,七月十一,
2024-8-15,七月十二,
2024-8-16,七月十三,
2024-8-17,七月十四,
2024-8-18,七月十五,中元节
2024-8-19,七月十六,
2024-8-20,七月十七,
2024-8-21,七月十八,
2024-8-22,七月十九,处暑
2024-8-23,七月二十,
2024-8-24,七月廿一,
2024-8-25,七月廿二,
2024-8-26,七月廿三,
2024-8-27,七月廿四,
2024-8-28,七月廿五,
2024-8-29,七月廿六,
2024-8-30,七月廿七,
2024-8-31,七月廿八,
2024-9-1,七月廿九,
2024-9-2,七月三十,
2024-9-3,八月初一,
2024-9-4,八月初二,
2024-9-5,八月初三,
2024-9-6,八月初四,
2024-9-7,八月初五,白露
2024-9-8,八月初六,
2024-9-9,八月初七,
2024-9-10,八月初八,
2024-9-11,八月初九,
2024-9-12,八月初十,
2024-9-13,八月十一,
2024-9-14,八月十二,
2024-9-15,八月十三,
2024-9-16,八月十四,
2024-9-17,八月十五,中秋节
2024-9-18,八月十六,
2024-9-19,八月十七,
2024-9-20,八月十八,
2024-9-21,八月十九,
2024-9-22,八月二十,秋分
2024-9-23,八月廿一,
2024-9-24,八月廿二,
2024-9-25,八月廿三,
2024-9-26,八月廿四,
2024-9-27,八月廿五,
2024-9-28,八月廿六,
2024-9-29,八月廿七,
2024-9-30,八月廿八,
2024-10-1,八月廿九,
2024-10-2,八月三十,
2024-10-3,九月初一,
2024-10-4,九月初二,
2024-10-5,九月初三,
2024-10-6,九月初四,
2024-10-7,九月初五,
2024-10-8,九月初六,寒露
2024-10-9,九月初七,
2024-10-10,九月初八,
2024-10-11,九月初九,重阳节
2024-10-12,九月初十,
2024-10-13,九月十一,
2024-10-14,九月十二,
2024-10-15,九月十三,
2024-10-16,九月十四,
2024-10-17,九月十五,
2024-10-18,九月十六,
2024-10-19,九月十七,
2024-10-20,九月十八,
2024-10-21,九月十九,
2024-10-22,九月二十,
2024-10-23,九月廿一,霜降
2024-10-24,九月廿二,
2024-10-25,九月廿三,
2024-10-26,九月廿四,
2024-10-27,九月廿五,
2024-10-28,九月廿六,
2024-10-29,九月廿七,
2024-10-30,九月廿八,
2024-10-31,九月廿九,
2024-11-1,十月初一,
2024-11-2,十月初二,
2024-11-3,十月初三,
2024-11-4,十月初四,
2024-11-5,十月初五,
2024-11-6,十月初六,
2024-11-7,十月初七,立冬
2024-11-8,十月初八,
2024-11-9,十月初九,
2024-11-10,十月初十,
2024-11-11,十月十一,
2024-11-12,十月十二,
2024-11-13,十月十三,
2024-11-14,十月十四,
2024-11-15,十月十五,
2024-11-16,十月十六,
2024-11-17,十月十七,
2024-11-18,十月十八,
2024-11-19,十月十九,
2024-11-20,十月二十,
2024-11-21,十月廿一,
2024-11-22,十月廿二,小雪
2024-11-23,十月廿三,
2024-11-24,十月廿四,
2024-11-25,十月廿五,
2024-11-26,十月廿六,
2024-11-27,十月廿七,
2024-11-28,十月廿八,
2024-11-29,十月廿九,
2024-11-30,十月三十,
2024-12-1,十一月初一,
2024-12-2,十一月初二,
2024-12-3,十一月初三,
2024-12-4,十一月初四,
2024-12-5,十一月初五,
2024-12-6,十一月初六,大雪
2024-12-7,十一月初七,
2024-12-8,十一月初八,
2024-12-9,十一月初九,
2024-12-10,十一月初十,
2024-12-11,十一月十一,
2024-12-12,十一月十二,
2024-12-13,十一月十三,
2024-12-14,十一月十四,
2024-12-15,十一月十五,
2024-12-16,十一月十六,
2024-12-17,十一月十七,
2024-12-18,十一月十八,
2024-12-19,十一月十九,
2024-12-20,十一月二十,
2024-12-21,十一月廿一,冬至
2024-12-22,十一月廿二,
2024-12-23,十一月廿三,
2024-12-24,十一月廿四,
2024-12-25,十一月廿五,
2024-12-26,十一月廿六,
2024-12-27,十一月廿七,
2024-12-28,十一月廿八,
2024-12-29,十一月廿九,
2024-12-30,十一月三十,
2024-12-31,腊月初一,